"id","isBadLoan"
735000,1
664666,0
798352,0
605053,0
593712,1
618716,0
539928,0
451546,0
1014826,0
872482,0
488161,0
355954,0
1055265,0
517612,0
624521,1
432642,0
810631,0
572390,0
968014,0
632744,0
535562,1
692205,1
853470,0
798510,0
435987,0
596274,0
769839,0
453629,0
857376,1
867399,0
969156,0
394768,0
969191,1
489673,0
349067,1
564673,0
572284,1
449831,0
806777,0
522368,1
230545,0
991166,0
462312,1
1006779,0
507634,0
775453,1
746563,0
1004991,0
598136,1
712286,0
645685,0
435039,1
833772,0
649236,0
977507,0
403400,0
600672,0
351230,0
740919,1
638505,1
719367,0
580898,0
891840,0
725131,0
673722,1
445340,0
892708,1
558643,0
757221,1
871263,0
861496,0
864038,0
493943,0
817676,0
548125,0
775547,0
1034572,0
622947,0
1048931,0
1056320,1
437684,0
986474,0
816600,1
495954,0
996597,1
707936,1
1029240,0
985275,0
622039,0
571925,0
346948,1
433141,1
540300,0
662970,0
423648,0
606847,0
470012,0
418348,0
998087,1
462538,0
669201,0
558863,0
1038094,0
439132,1
608335,1
854777,1
494942,0
143102,0
776249,0
892242,0
480800,0
515743,0
998499,0
486669,0
460566,0
171220,1
836592,1
866421,0
970057,0
882412,1
647184,1
472362,0
768084,1
796707,1
764070,1
984636,0
580598,0
497179,0
451129,0
484298,0
373398,1
634807,1
481485,1
542117,1
874826,0
418698,1
881092,0
458162,1
640774,0
1066281,0
378851,1
765317,0
826922,1
453437,0
1062250,0
387021,0
971781,1
978904,0
674982,1
468494,1
765039,1
519880,0
682142,0
1033938,1
670331,1
995018,0
995565,1
375276,1
465949,1
468866,0
466150,0
698216,1
584866,1
351724,0
570654,1
523687,0
797336,0
468082,0
565238,1
548796,1
792395,0
516360,1
708178,0
503843,0
381578,1
565437,0
870884,1
650196,1
756669,1
608387,1
784270,0
1068326,0
728208,0
685795,1
706255,0
598788,1
531524,1
488256,1
542796,1
484100,0
764483,1
413237,0
718593,0
426837,1
642388,1
535922,0
873510,0
654677,0
970156,0
491757,0
1055405,1
1026558,0
558201,1
666437,1
1034299,1
749255,0
635460,0
856190,0
863723,0
775086,0
640236,1
1063626,0
523325,1
628463,1
739765,0
697613,0
574856,0
684637,0
710594,1
804567,0
1034363,1
621017,0
520831,1
871175,0
387377,1
321090,0
1030791,0
468885,1
645882,1
868293,0
605699,0
644217,0
978549,1
501302,1
805766,0
432365,0
768020,1
834822,1
775331,0
645650,0
744022,0
453667,0
451689,0
365445,0
836804,0
996337,1
428085,0
443376,1
453052,1
587749,1
379338,0
656652,1
1031489,0
744174,1
744315,0
376534,0
619513,0
542040,0
752901,1
364719,0
982070,0
538526,0
654211,1
757135,0
985894,0
677017,0
421134,0
405415,0
998884,0
1059289,0
445271,0
886815,0
594814,0
890642,0
1024620,1
503740,1
727449,0
789053,0
464236,0
351184,0
555960,0
706606,1
602432,1
409404,1
562283,1
528277,1
463151,0
775213,0
793421,1
450656,0
739599,1
788963,0
523986,0
358230,0
867290,0
995722,0
1012895,0
572862,0
894501,1
1015522,0
800317,0
738389,0
515037,0
686283,0
1001752,0
1030413,0
1034807,1
675289,0
472791,0
389056,0
630879,0
989169,0
435384,1
715703,1
1035508,0
620840,0
565028,1
801843,0
430262,1
859068,0
632851,0
557549,1
608913,0
994611,0
771304,0
1064589,0
505561,0
666496,1
835172,0
820387,0
619870,0
520338,0
461912,1
778768,1
521363,0
351835,1
661748,0
355476,0
762898,0
1003713,1
1009763,1
714769,1
498944,0
523228,0
501536,0
779279,1
566992,1
603087,0
476343,0
1066842,0
468709,1
623559,0
546954,1
824259,1
970313,1
863241,0
677563,1
670409,1
967528,0
617463,0
482319,1
1010875,0
1024798,1
527581,0
976729,0
456408,0
838088,0
853664,0
807180,1
371779,1
778387,0
819238,0
765570,0
672373,0
578826,0
468315,1
457833,0
664941,1
774055,0
436852,0
687492,1
377020,0
649352,1
409378,1
503044,1
654916,1
610331,0
612578,0
1013619,0
179897,1
684390,0
893892,0
719002,1
784781,0
743789,0
475463,1
453018,1
1014346,0
988100,1
801784,0
417531,0
414134,1
745064,0
1058959,1
737777,0
307533,0
987097,0
790135,0
456281,0
1047657,0
770669,0
628287,0
491054,0
678853,1
1055800,0
768168,1
348340,0
486362,0
829990,0
755124,1
760521,0
1044439,1
969525,1
782812,1
892780,0
989375,0
405008,0
817723,0
607782,0
986180,1
855146,0
438410,0
868348,0
546531,0
603891,0
994525,0
410399,0
488243,1
641977,0
559869,1
1000786,1
893436,0
690010,0
491187,1
1029783,0
261382,0
488733,1
582756,0
886277,0
549291,0
662636,1
1022513,0
1069287,0
521974,0
548321,0
987278,0
742847,0
436358,0
1059462,0
740900,1
748054,1
362717,0
967897,0
436178,1
524737,0
514439,1
750212,0
1035373,0
709979,0
395653,0
520620,0
1050726,0
154286,0
65640,1
1033121,0
367745,0
890700,0
564704,0
975846,1
746742,1
834052,0
755968,0
739491,1
599194,0
571715,1
1058372,0
439501,1
750893,1
601926,0
125897,1
400658,0
333783,1
755057,0
1035987,1
495428,1
825562,0
642856,0
662696,0
866572,0
1033259,0
535696,0
477220,1
57245,0
863376,0
362664,0
668841,1
415658,1
1046905,1
1022125,0
774964,0
987145,0
527764,0
506684,0
630843,1
447558,0
571566,1
696801,0
764624,0
487201,0
877556,0
584657,0
570032,1
684868,1
609865,1
642862,0
625430,0
1019631,0
668426,0
648376,1
792193,1
843086,0
969875,1
888223,1
876755,0
572204,0
1022152,0
877617,0
727050,0
851498,1
600091,1
1050212,0
428954,0
796943,0
998418,0
420464,0
780110,1
737521,0
650968,0
829355,0
741759,0
654479,0
843307,0
411809,0
978429,0
345503,1
874554,1
768911,1
785849,0
471129,0
347932,0
470869,0
489658,0
1028681,0
361356,0
601934,0
443237,0
726304,0
694480,0
832200,0
633868,0
821086,0
1062625,0
372600,0
768796,0
661230,1
810303,0
454268,1
698265,0
887160,0
968778,0
544715,1
967843,0
849089,0
293471,1
893046,0
780193,1
722961,0
462805,0
557584,0
611615,1
453587,1
582374,0
642467,0
675591,1
730198,0
416831,1
519960,1
723745,1
1068509,0
765145,0
1060631,0
1056090,0
786427,1
436222,1
602221,0
603304,0
696160,1
458184,0
359543,0
1042802,0
1029617,1
822735,0
624804,1
542137,0
653147,1
831123,0
392670,0
642762,0
823357,1
993766,0
863348,0
1019471,0
484611,0
472168,0
739857,0
493667,1
629071,0
435305,0
967828,0
852107,0
612541,1
769615,0
662552,0
458148,0
602193,1
508137,0
846186,0
780797,0
861722,0
741259,0
752315,1
1003349,1
995410,1
884560,0
722110,1
642349,0
876865,1
753026,0
629141,0
1050137,0
1052548,1
1036475,0
469044,1
232488,0
666443,0
652545,0
557517,0
689904,1
824881,1
680155,0
595079,0
487546,0
526071,0
968858,0
1036941,0
481416,1
363683,0
636843,0
592359,0
440424,0
815368,0
864625,0
571874,0
435813,0
967290,0
687503,1
364302,1
736726,0
512106,0
372540,0
562332,0
874121,0
586207,0
1014717,1
724163,0
708384,0
1010410,1
858415,0
451419,0
593370,0
1060979,1
818604,0
502236,1
607672,1
433304,0
978652,0
452382,0
629639,0
693296,1
683908,0
797213,0
1017187,0
488125,0
735263,1
549671,1
638258,0
501797,0
618059,0
761951,0
542591,1
1004099,0
836842,0
1039468,0
817797,1
537162,0
472894,1
774957,0
535233,0
825167,1
866035,0
838376,0
445289,0
831110,0
488422,1
473535,0
1038602,0
631428,0
597004,1
731382,1
883300,0
1019997,0
366092,0
827024,1
1015707,0
675501,0
833266,0
439879,0
684223,0
1038680,1
739731,1
862527,0
441286,1
638476,0
368469,0
521740,0
583585,0
815541,0
478753,0
726700,0
652979,0
1016039,1
474235,1
642665,0
583920,0
645924,0
462279,1
789233,0
987006,0
628955,0
1052795,1
814124,0
871205,0
831774,0
805371,0
609423,0
670841,0
489482,0
699300,1
746883,1
642837,0
401630,0
404057,0
611147,0
724218,0
638430,0
659782,1
362386,0
804703,1
997567,0
586116,0
854545,0
608460,0
1025160,1
454771,1
974518,0
706376,1
618682,0
387744,1
1047629,0
464824,0
1039243,1
698976,0
802348,0
290803,0
733213,0
360213,0
672861,0
739612,0
722049,0
504302,1
156868,0
400900,0
483424,0
619857,1
479322,0
351090,0
525162,0
506767,0
383163,1
741520,1
756869,1
824761,0
475456,0
831833,0
574541,1
619431,0
353365,0
601652,0
832683,0
784305,0
549355,1
461755,0
517108,0
1001640,0
766148,0
617755,0
379776,0
696230,0
411487,0
426237,0
820281,0
414574,1
774719,0
571753,0
648448,0
1044982,0
384414,0
440758,0
781320,1
679972,0
708472,0
1015536,1
552420,0
1056345,0
404953,0
864185,1
520184,1
718559,0
590215,1
573515,1
606796,0
577937,0
1060981,1
612022,0
973882,0
597450,1
579900,1
874463,0
679758,0
1034948,1
377027,1
640973,1
1013089,0
612043,1
452383,0
584242,1
605397,0
545956,1
641530,1
754762,0
882097,1
663839,1
1036343,0
633317,0
733384,0
421529,1
891457,0
360679,0
804668,1
1053018,0
693707,0
1035273,0
740833,1
555064,1
1038101,1
742259,1
644408,0
1068159,0
702470,1
126215,0
429886,0
765334,0
838565,1
655958,1
589635,0
686069,0
1049007,0
1010915,1
461848,0
352948,0
1052358,0
585912,0
820958,0
718404,0
626093,0
676963,0
1038672,0
737936,1
594374,0
484364,0
348557,0
424513,0
865051,1
774931,1
493132,1
131387,0
868303,0
852429,1
524778,1
533664,0
448517,0
678088,1
615700,1
573916,1
1037891,0
865653,1
831085,0
815007,0
715695,0
980207,0
853561,0
651219,1
609986,0
451271,0
736525,0
1038531,0
539292,0
577683,0
806442,1
545872,0
648017,0
806864,0
788585,0
785135,0
487048,0
1067579,0
594983,0
529350,0
1014541,0
815085,0
630915,0
372144,0
1049924,0
541894,1
623525,1
607800,0
466137,0
501416,0
778713,1
829260,0
362523,0
810188,1
1001727,0
752625,0
884395,0
507217,1
677491,0
524905,0
383364,1
494719,1
438150,1
526976,0
790748,0
1039178,0
761992,1
842372,0
550110,0
537883,1
891940,0
342507,0
559407,1
819666,1
532956,1
973679,0
462259,1
520827,1
519520,1
688799,1
559039,0
625234,0
1061378,0
698092,0
840514,1
370435,0
966682,1
1060019,1
997328,1
742468,0
560106,0
474492,0
718201,1
891891,1
1004403,0
832574,1
1053092,1
382096,0
590866,1
658265,0
488775,0
846506,0
481874,1
833335,1
1009664,0
418963,1
630368,1
586347,0
645340,0
552453,0
695172,0
772265,0
610671,1
579868,1
406336,0
227383,0
481883,0
399590,0
832426,1
439482,0
604469,0
447070,0
599010,0
1025596,0
772694,0
1007386,1
789637,0
656937,0
590769,0
797233,0
365919,0
473497,0
461064,1
538622,0
1030450,0
373376,0
518892,1
975041,0
498998,0
538508,1
709792,1
852931,1
434191,0
481316,0
713955,1
1044615,0
581983,1
631559,1
1006590,0
490232,0
870610,0
655764,0
402075,0
832563,0
604971,1
766102,0
997612,1
441601,0
814667,0
880773,1
671363,0
1058195,0
383960,1
978254,0
1055873,1
246179,0
992224,0
393287,0
851986,0
666424,1
440756,0
534276,1
537896,0
423349,0
471313,0
477247,0
610693,1
369360,0
508802,1
642913,0
771531,0
1009193,1
838277,1
565771,1
579922,0
760654,0
867821,0
484321,0
491900,0
755595,1
837679,1
430026,0
533271,0
863309,0
462641,0
445664,1
668101,0
410582,0
429807,0
754352,1
715504,0
807820,0
454186,0
806476,1
571780,0
971457,0
1011263,0
1047667,0
423781,1
786678,0
353933,1
620894,0
348005,1
618911,1
471391,0
1012019,1
1058615,0
784060,0
391825,1
378564,0
1048336,0
829218,1
584992,1
559499,0
455987,0
507421,0
431997,0
702318,1
853941,0
994660,0
376036,1
555809,0
430989,0
521565,0
399365,0
494439,0
426832,0
856495,0
568148,1
1015798,0
556787,1
630586,0
464514,0
828134,1
633221,0
675296,0
1005073,0
557202,1
990710,1
716528,0
368371,1
543087,0
727755,0
642771,0
516787,0
721983,0
968278,0
743860,0
459122,0
798172,0
582580,1
850632,0
705479,0
853130,1
812571,1
424360,0
1045477,1
801461,0
982991,0
1015726,0
1057522,1
1067654,0
755314,1
1025052,0
540706,1
543331,1
551660,0
886858,0
486980,0
502139,0
979840,0
441121,0
752742,0
597785,1
482398,0
753732,0
1000497,0
601803,0
543840,0
806772,0
460657,0
660850,0
524485,1
361945,1
773063,1
354076,1
390347,1
1047400,1
831432,0
477281,1
504611,0
729446,1
787376,0
472668,1
659280,1
209581,1
990118,1
640719,0
364870,0
1044372,1
822056,1
1056856,1
883972,0
258521,0
640354,0
383307,1
357864,0
972613,1
581483,1
477656,0
585228,0
409611,0
350090,0
558774,0
557688,0
525760,1
530599,0
1035518,0
730829,0
571077,1
442191,0
696020,1
832834,0
594923,0
608421,0
181036,0
546061,0
841518,0
642770,0
805064,0
486422,1
469601,0
503028,0
516742,0
749533,0
586287,0
390532,0
515502,0
974704,1
547972,0
390671,0
850364,0
786626,1
535555,1
967801,0
868392,0
489630,0
450180,1
828518,0
1061656,0
758672,1
868539,0
439077,0
828010,1
634459,0
649688,1
436481,0
833816,0
878126,0
473942,0
384947,1
507603,0
884532,0
368223,0
862477,1
994135,1
842502,0
1061972,0
467013,0
995815,0
436519,0
545930,0
770773,0
786317,0
468045,1
496707,1
476319,1
424330,0
347709,0
1028222,1
464535,0
574270,0
979899,1
421287,0
779411,0
608370,1
757181,0
659318,0
558771,1
376936,1
388582,1
687039,1
433954,1
979157,1
1034262,1
375709,1
1011666,0
537061,0
547630,0
448139,0
499365,1
724717,0
375429,1
760683,0
998386,0
264267,0
581938,1
455904,0
601507,0
822649,0
511319,0
472921,0
457181,0
530175,1
377311,0
624565,1
992140,0
538742,0
617174,0
766911,0
632049,0
496220,0
734039,0
794040,0
437982,0
643383,0
666599,0
502492,0
331459,0
516889,0
252482,0
626373,0
740599,1
797886,0
595405,1
367777,0
891543,0
728245,0
723122,1
742971,1
807734,0
491632,1
478948,0
427370,0
629480,0
709197,1
495341,1
799704,1
879275,1
630379,0
610609,0
879231,0
499328,0
519083,0
871431,0
630359,1
466698,1
820664,1
736535,1
643213,1
583513,1
595785,0
1045739,0
528562,0
653370,1
812527,1
669325,1
832602,1
737345,1
385412,0
439523,0
487781,0
496887,0
1011693,0
198952,0
522904,1
1067326,0
462689,0
605713,0
701176,0
759372,1
650913,0
536299,1
844358,0
456627,0
348208,0
503286,0
381068,0
551696,1
648603,0
811317,0
879644,0
399423,0
439786,1
583942,0
657326,1
435440,0
682975,0
741724,1
373384,0
936915,1
511215,0
873560,0
541449,0
1048621,0
689192,0
757964,1
1018080,0
970665,0
1048862,0
504366,0
978771,1
999532,0
423965,0
434265,1
504347,0
809996,0
967080,0
820482,0
598028,0
417986,1
987943,0
1005967,0
889342,0
1069559,0
543926,0
453967,1
290605,0
524860,1
1061060,0
213732,1
754294,0
447737,1
809092,1
539378,1
1019133,0
848727,0
975156,1
825558,0
881309,0
1064904,0
275880,0
178236,1
650638,0
237246,0
968370,0
549714,1
689505,0
456639,0
492913,0
965918,0
339637,0
998229,1
545274,0
787441,1
402568,1
446466,1
551639,0
393387,1
1046507,0
645176,0
1030558,1
712408,0
563669,0
705949,0
468112,1
797959,0
856571,0
570116,1
729124,1
532210,0
660157,0
866028,0
669735,0
487311,0
732882,0
519027,0
229930,0
485111,0
494025,1
459300,1
823003,0
532531,0
768596,1
823990,0
698107,1
632465,0
1040865,0
455821,1
449869,0
401856,0
1010646,0
735514,0
464469,0
744416,1
710158,1
997521,0
883533,0
1055593,0
602984,1
999844,0
888951,0
1036069,0
671179,0
661137,0
712132,1
609918,1
429285,1
1024549,0
1030451,1
1068395,0
602720,0
1040965,1
486922,0
1003485,0
736380,0
537297,0
416615,0
568367,0
190811,0
696537,1
1034368,0
382432,1
781160,1
616629,0
1016517,0
739770,1
555191,0
351462,0
969878,0
558266,0
987852,0
854366,0
440285,0
439480,0
1059843,0
550387,0
433155,0
603155,0
521681,0
484846,0
615558,0
657172,1
632268,0
390743,1
464146,0
833422,1
739859,0
548135,0
568471,0
496476,0
419142,0
626903,0
851222,0
793621,0
478470,0
1040640,0
664637,1
1034693,1
457637,1
173981,0
806406,0
775634,1
995913,0
1034771,1
477008,0
626291,0
517694,1
218343,0
774142,0
601463,0
738276,0
482297,1
404245,0
503595,0
628220,0
154305,0
583055,1
530959,0
1030131,0
514638,0
538350,0
772112,1
711711,0
508809,0
481176,0
1066835,1
755241,1
621572,0
692840,0
557932,1
634443,0
739926,0
568036,1
455300,0
373647,1
379840,1
559242,0
467938,0
1046456,0
999335,1
1052329,0
760863,0
398255,0
795305,0
787038,0
384822,1
708122,1
843844,1
1044499,1
660567,1
657671,0
132946,0
769201,1
769027,0
225054,1
366642,0
822939,0
670222,1
977140,1
572784,0
634396,0
999469,0
379373,1
612530,1
1038285,0
769892,0
756327,1
913851,1
1044183,0
774408,0
860728,1
799326,0
802048,0
831666,1
492264,0
555869,0
815210,0
661218,0
499886,0
520122,1
491946,0
843777,0
631459,1
984948,0
583463,0
710350,0
864110,0
829368,1
397366,0
677398,0
795021,0
490987,0
817401,0
732936,0
1050920,0
651824,0
800659,0
863602,0
1003335,0
598668,1
433245,1
1063199,1
512970,0
831074,0
1012794,0
582097,0
405365,0
778529,1
852502,0
474990,0
1057140,0
620621,0
1059620,0
820385,0
864011,0
554739,0
488100,1
499037,0
1020113,0
809947,1
642502,0
1012375,0
1001116,1
1062564,0
368507,0
671193,0
883253,0
994044,0
866174,0
445762,0
891913,1
564911,0
887145,0
516237,1
883528,0
439656,0
745149,0
840337,0
875251,0
696817,0
1035597,0
358470,0
831534,0
454685,0
994601,0
610240,1
826532,0
679309,0
496970,0
777801,0
516256,1
707315,0
365714,1
1058892,1
1005771,0
813159,1
391230,1
1047885,1
475269,1
843168,0
427685,1
474032,1
1047082,0
1055240,0
572633,0
539355,0
788571,0
797777,0
531181,0
465367,0
623317,1
689883,0
1004167,0
450171,0
740683,0
641427,1
422979,1
506881,0
451016,0
863350,1
358734,1
761798,1
611933,0
411201,0
595648,1
370308,0
745255,1
769114,0
739645,0
657465,0
500784,1
957739,0
381877,1
637086,0
1060581,1
695093,0
459562,1
746780,0
631273,0
756487,1
456032,0
458675,0
552402,1
440108,0
1046245,0
466978,1
825187,0
679159,1
858359,0
518722,0
846396,0
454047,0
665781,0
591725,0
532352,0
180535,0
752732,1
641989,0
750342,0
366208,0
703237,1
1052800,1
1038907,0
424311,0
865019,1
444466,0
373637,1
878123,0
636969,0
803352,0
871889,1
874326,1
981451,0
623243,0
788259,0
643840,0
246276,1
518786,0
788661,0
459845,0
655306,0
1007174,1
1057080,0
492377,0
449296,0
718573,0
1040029,0
614859,0
840699,1
989195,1
789009,0
828254,0
707368,1
1054441,0
983992,1
814621,1
369880,0
987401,0
427666,0
318725,0
879540,0
840121,1
705535,0
463123,0
1038761,1
636587,0
965957,0
148473,0
517522,1
435180,1
1040347,1
857545,0
994720,0
363367,1
789232,0
676630,0
406463,0
1053910,1
1014640,0
885986,1
849741,1
764628,0
633071,1
582198,1
706357,1
641384,0
456278,0
996881,0
681511,0
363328,0
680992,1
669660,1
803050,0
976952,1
781904,0
666473,0
787056,0
726651,0
779194,1
819711,1
1047248,1
526586,0
462762,1
517179,1
1042046,0
857636,0
1064133,1
425000,0
378150,0
646082,0
684843,0
493558,0
1044140,0
572259,0
549494,1
729524,0
457351,0
370084,0
1045458,0
688201,0
1004079,0
875206,0
885095,0
430963,0
622608,1
585470,0
675248,0
668994,1
615346,1
511157,0
1033487,0
754052,0
1064862,1
822998,0
396631,0
530765,0
986731,0
1016351,0
473486,1
833957,1
511908,0
738782,0
530856,0
443834,0
879746,1
740012,0
604779,0
976344,0
744834,0
1004071,0
494693,0
726513,1
801226,0
670942,0
1046712,0
638621,0
428175,0
1036112,0
716122,0
427415,1
462230,0
838454,0
871319,1
813821,0
495881,0
475455,1
354297,0
714517,1
801643,0
522602,0
798758,0
517253,1
491443,0
987080,0
556873,1
485666,0
1051764,0
733727,1
745215,0
1033851,0
1035067,1
756725,1
762630,1
677683,0
879569,0
1022314,0
631700,0
1016535,0
665552,1
557692,0
641876,0
788425,0
414952,0
873865,1
766091,0
696256,0
730188,1
1017556,0
988224,0
668941,0
990374,1
452132,0
483549,1
624576,0
875179,0
863561,1
1064183,0
510748,0
239761,0
1050827,0
673623,0
1024044,0
708823,1
482139,0
868411,0
829157,0
645507,1
392575,1
1058042,1
468796,0
396521,0
497228,0
989434,1
376408,1
541336,0
519688,1
726070,1
617149,0
699725,0
862932,1
436018,0
326299,0
120525,1
416793,0
817000,1
426673,1
670092,0
620875,1
270568,1
751807,1
512659,1
564825,1
577147,1
610871,1
518893,1
730919,1
492183,0
374720,0
778904,0
787317,0
537226,0
778534,0
712171,1
828978,0
561859,1
471606,0
749988,0
1038123,0
703866,1
481667,0
666920,0
724550,0
874759,0
592772,0
603576,1
801181,0
571352,0
443000,0
714755,0
443215,0
532637,0
671238,1
806736,0
492091,1
812779,1
650023,0
498871,0
860567,0
1032131,1
1026594,0
778172,0
856726,1
642867,0
599558,0
592738,0
720394,0
713038,0
490435,1
726634,0
601083,0
1007010,0
526992,0
583337,0
609638,0
696973,0
996176,0
508319,1
605897,0
1035202,0
1030795,0
365338,1
466091,0
373052,0
706705,1
1051506,0
888296,1
710624,0
807326,0
633860,0
772702,0
353071,0
431183,0
662771,1
1062146,1
847675,0
478815,0
434246,0
999834,1
1023014,0
249699,0
816096,0
1023228,0
633181,0
579111,0
361495,0
725888,1
845387,1
1062474,0
969259,1
382535,1
665503,0
352346,0
448055,0
483804,0
668677,0
1028635,0
641847,1
979659,0
723667,1
495663,0
706492,1
533627,0
240105,1
384254,1
1032357,1
813185,0
436438,0
548545,0
790875,1
437580,0
664211,0
501659,0
405486,0
671613,0
885922,0
784950,0
444021,0
879162,0
465470,0
1030910,0
593140,1
1036257,0
436687,0
585419,0
276979,0
788489,0
1065020,0
379436,0
825043,0
590474,0
719381,0
796402,1
468738,0
665748,0
968759,1
490022,1
261281,0
774938,1
1034802,0
700978,1
524955,1
635634,0
698547,1
845758,0
1036932,0
690036,1
986381,0
471360,0
429374,0
831941,1
723368,1
481943,0
767325,1
767151,0
1016307,1
593254,1
690842,1
490731,0
981435,1
920743,1
763295,0
1009474,1
1026529,0
460109,1
787255,0
768140,0
715546,1
434074,0
669002,0
792694,1
1003593,1
1062094,0
725989,0
462714,1
643114,0
823133,1
536354,0
878693,1
714567,1
865553,0
459966,0
600535,0
971262,1
1068111,0
795264,1
1059627,1
728590,1
566560,1
1039609,0
485035,0
741883,0
597550,0
426375,0
546460,1
442661,0
976811,0
708355,0
862494,1
642662,0
601131,0
832428,0
614623,1
208191,0
777252,1
616933,0
658815,1
548609,0
984775,1
872924,0
1033765,1
514473,0
575382,0
800098,0
851092,0
756328,0
807060,0
624006,1
711082,1
553852,1
455871,0
605290,0
504534,0
615117,0
777838,0
454075,1
584238,0
566457,1
864070,0
1012584,0
1049844,1
430156,0
735873,0
516089,1
895682,1
369835,0
393791,0
721530,0
1011471,0
791406,0
573841,0
483565,1
633936,0
877151,0
985708,1
782786,1
619342,1
522012,0
446350,0
571066,0
602401,0
635334,0
856073,0
388872,1
566131,1
519238,1
550122,0
1025574,1
1007441,1
509895,1
708575,0
1031692,0
512406,0
726130,0
631419,0
838648,0
486802,0
888558,0
712914,0
413227,1
806667,0
433031,0
750920,0
843731,1
710690,1
421492,0
775388,0
498496,0
765714,0
586617,1
821317,1
430804,1
399917,0
373772,0
537804,1
460920,1
512619,0
548024,0
1009187,0
1053430,0
855586,0
398687,1
850828,0
844427,0
516826,0
992222,0
512656,0
627320,0
612238,1
843653,0
363389,0
981410,1
589764,0
1035655,0
847243,1
629231,0
760810,0
708288,0
485205,0
809015,0
509090,1
462848,0
1065342,0
470001,0
1054292,1
717415,1
433166,1
1020243,0
807939,0
884501,1
586686,0
644089,0
222488,0
497829,0
1065863,0
840203,0
391113,0
628540,1
889156,1
823379,1
644111,1
806869,0
841014,0
833775,0
1049803,0
759384,0
686248,1
572573,0
376088,0
435800,0
642831,0
612862,1
663698,0
522030,1
523894,0
722624,1
548886,0
503021,0
616825,0
533036,0
1056866,0
870128,0
368493,1
609505,1
469077,0
780011,0
770783,1
571542,0
821899,0
533822,1
635621,0
617788,0
495685,0
613991,0
622016,0
472986,1
888152,0
570024,0
643215,1
1015868,0
382077,0
677677,0
606137,0
543003,0
623428,1
444862,0
548481,0
423396,1
761509,0
620716,0
500513,1
613010,1
841714,1
380553,1
989781,0
729260,1
746314,0
540925,1
726232,0
1031612,1
232302,0
459173,0
526671,0
677086,0
785695,0
617588,0
1060046,0
558006,1
461556,0
613541,0
1068090,1
670585,0
874038,0
1023877,0
388115,1
598833,1
296903,1
389074,0
627485,0
758995,0
433832,1
660692,0
506962,0
547880,1
432271,0
737605,0
1028224,0
1068078,0
584277,0
606690,0
601810,0
780521,0
574811,1
1008460,1
764963,1
450716,0
816447,1
680485,0
612160,0
531858,0
601922,0
702013,0
635320,0
1043814,0
470224,1
488128,0
682246,0
911806,0
166437,1
544895,0
1061279,0
842387,0
880370,0
479625,0
812120,1
497019,0
497288,0
435004,0
504233,0
820815,0
633091,0
505615,1
812803,0
865817,1
356919,0
602679,1
359970,0
529749,0
972129,1
970600,1
980278,0
585408,0
713383,0
1059447,1
253973,0
1039464,1
542709,0
716221,1
547713,1
1011748,0
389965,0
1026420,1
818015,0
662722,0
1044959,0
752240,0
714951,0
875305,0
814049,0
733680,1
636387,0
528490,0
966843,1
476062,0
782260,0
647548,0
370346,0
729112,0
1063700,1
554536,1
770260,0
784597,0
656945,1
621261,1
781216,1
985493,1
1061814,0
888702,1
467274,0
806051,1
383701,1
499467,0
640824,0
716594,0
1063001,1
675717,0
979842,1
430139,0
1011032,1
772020,0
1031381,1
502105,0
767805,1
693291,1
626172,0
578597,1
738248,0
760388,1
667752,1
1032863,0
502579,0
549595,1
686062,0
634195,1
786104,0
497517,0
693652,0
464114,0
626643,1
510997,1
485998,0
829918,1
591265,0
1059469,1
464263,0
411880,0
254250,1
800132,0
563569,1
651495,0
601037,0
655601,0
324177,0
392826,0
426215,0
815522,0
587559,1
1006158,0
809685,1
631137,1
976704,0
635339,0
800709,0
486673,1
833135,0
997570,0
872394,0
547654,1
1020765,0
1052370,0
470812,0
771778,1
635427,1
606548,0
685376,1
1009082,0
641190,1
711185,0
1016640,1
989623,1
649329,0
214572,0
822548,1
485610,0
388912,1
1049385,0
1056173,1
999879,0
475971,0
611783,1
750425,1
836877,1
439566,1
587520,0
271356,1
562800,1
268855,0
736399,1
596142,0
617879,1
868075,0
601044,1
1057316,0
629731,0
883868,0
792374,0
543579,0
1001335,0
450188,0
501621,0
768774,1
560221,0
1027758,0
649221,1
1059689,0
885252,1
757585,0
409840,0
1017853,1
795873,0
868715,0
686431,1
379549,0
764093,1
400060,0
421740,1
511853,0
571944,1
691030,0
754112,0
725335,1
1046822,1
708862,1
990054,1
402765,1
1065244,1
527205,1
706046,0
734739,1
642767,0
503222,1
1034746,0
580293,0
1017552,0
432766,0
762143,0
605439,0
794690,0
485099,1
545196,1
664309,0
530221,0
503423,1
667595,0
607203,1
628598,0
1063828,0
804971,0
410762,0
667730,1
779346,0
565018,1
711577,1
825965,0
1028694,1
374940,0
1064209,0
1005156,1
364922,0
481122,0
584344,0
436551,1
727113,1
399481,0
814473,0
463133,0
973495,0
1047705,1
536087,0
461675,0
819127,0
822134,1
736365,0
789658,0
387827,0
737288,1
612473,1
363071,0
490988,0
726872,0
849425,0
867178,0
381693,1
648489,1
737579,0
465034,1
565432,1
641529,1
1042617,0
890803,0
1062612,1
833467,0
588714,0
1056865,0
741800,0
450289,0
422630,0
743941,0
1063972,0
498050,0
595945,0
1043970,0
557573,1
822246,1
501398,0
507005,0
452003,0
430027,1
1004695,0
1042854,0
542231,1
660762,0
1064216,0
1019261,1
493573,0
1034179,0
351271,0
749861,1
807176,1
463113,1
1069710,0
618530,0
596439,1
891255,0
556885,0
889797,0
511579,1
232947,1
650525,0
1001258,1
527970,0
482874,0
879508,1
204428,1
874179,1
126788,0
499526,1
617225,0
593875,0
395348,1
127353,1
622449,0
545352,0
981911,0
995714,1
994632,1
528718,1
639441,0
593616,1
491036,0
986582,0
1021379,1
760526,1
811825,0
1047098,0
807954,1
140452,0
607753,0
1029889,0
884544,0
540070,0
365199,1
840315,0
720941,0
603480,0
1066453,0
397943,0
524380,1
771059,0
1007291,0
700285,0
434616,1
219070,0
415886,0
452391,0
686793,0
775865,0
875752,0
666388,0
863605,0
620977,0
973218,0
363853,1
880842,0
666026,0
752196,0
993754,0
469964,1
451877,1
1053817,1
1004168,0
758125,0
815553,0
734373,1
991811,1
501281,0
507532,0
447032,1
510506,1
744388,1
551517,0
521325,0
966932,1
751952,0
715370,0
390268,1
814318,1
500624,1
851930,0
604926,1
646782,0
597351,0
738871,1
548705,1
887079,0
438759,0
601084,0
495919,0
721033,0
398070,1
510532,0
669128,1
524744,0
405494,0
967192,1
600850,0
735439,0
347554,0
732581,0
256365,0
393171,1
425539,0
687289,0
626281,0
774182,0
841875,1
379463,0
557764,0
559541,1
979205,0
471358,0
673307,1
385834,1
495024,0
754480,0
373258,0
1046276,0
881288,1
614768,0
479413,0
1015764,0
952602,0
447890,0
1009772,0
717783,1
997340,0
852089,0
485943,0
493293,0
400238,1
1062895,1
653959,0
869295,1
745526,0
1008068,1
550733,1
679610,0
446277,1
478076,1
738205,1
771296,0
989968,0
987890,1
890643,0
417153,0
602361,0
728966,0
1060951,1
521123,1
477931,0
890172,0
643621,0
874918,0
601451,1
819856,1
1004123,0
599414,1
1067324,1
1064453,0
480840,1
503239,0
523253,0
732219,1
752869,1
609790,0
854208,1
768644,0
814752,1
515231,0
408728,0
228424,1
1049524,0
631310,1
669037,1
850116,0
974285,0
759277,1
996255,1
642859,1
539455,1
683476,1
460779,0
706194,1
1049225,0
618909,0
656487,1
686196,0
1014918,1
1022034,1
815149,0
529449,0
839583,1
1031138,0
534914,0
481682,0
497075,1
529739,1
647699,1
1063485,0
862401,0
362236,0
1055696,0
815170,1
740909,0
609585,0
513146,1
457034,0
796760,0
384227,1
635885,0
667193,1
814147,1
576792,0
554615,0
1057615,0
640452,0
763360,0
1003434,0
782026,1
1000468,1
1014091,0
465138,0
825061,1
553732,1
481794,0
812172,1
972974,0
704705,1
377195,1
550886,0
974047,1
586685,0
771377,1
546223,0
608856,0
716761,0
619941,0
376969,0
487918,0
673667,1
494462,0
877992,0
635202,0
543208,1
791885,0
678894,0
650721,0
841730,1
358695,0
880478,0
492896,0
550912,0
992362,0
635101,0
417992,0
481202,0
781559,0
757196,0
726611,1
713504,0
439686,1
721018,0
1028591,1
1033663,0
554253,1
642821,0
422481,0
348900,0
716253,1
1014584,1
809713,0
471556,0
758575,0
1014850,0
467056,1
496493,1
445914,0
435909,0
566037,1
793772,0
494512,0
1066503,0
592470,0
935790,1
704571,1
548241,0
549906,0
747011,1
986708,1
459069,1
822138,0
811822,0
847836,1
116582,1
569389,1
450048,0
701694,0
682053,1
1053090,0
819265,1
632591,0
371589,0
871927,1
428096,0
1038341,1
493942,0
764940,1
1017792,1
1069410,1
989257,1
1002894,1
372621,0
769653,1
896950,1
607617,0
986300,0
1017697,1
387823,1
1048215,0
664561,0
722974,0
642776,1
405708,0
273165,1
759418,0
126287,1
994486,0
541802,1
772558,0
582960,0
671962,1
632896,1
1031599,0
871693,0
600549,0
549115,0
378804,1
628630,0
599963,0
852764,0
890232,0
352752,1
890704,0
807393,0
447444,0
488545,1
621266,0
555531,0
723797,0
887633,0
644248,0
724995,0
527233,0
667850,0
761596,1
666970,0
473891,0
669239,1
545602,0
796685,0
768194,1
455682,1
662604,1
499044,1
666729,1
371681,0
575351,0
590869,0
1048800,0
884304,0
525483,0
550442,1
365939,0
605789,0
754240,0
714579,0
802932,0
1038322,0
666719,1
380920,1
696203,0
623284,0
243406,0
527852,0
531728,0
851074,0
749589,1
479572,1
411549,0
875994,1
918617,1
891766,0
386469,1
214968,0
777239,0
1000033,1
660531,0
379589,0
1014580,0
512756,0
598992,0
462318,1
642240,0
558437,1
1059486,1
542873,0
894457,0
596988,1
367643,0
361295,0
394873,0
811100,0
742001,1
455098,0
891558,0
445200,1
853087,1
360407,0
366620,0
496201,0
795696,0
553429,0
786033,0
462643,0
453361,1
502120,0
741468,0
421374,0
774336,1
475957,1
378905,1
976084,0
485032,1
579151,1
856646,1
512697,0
721453,0
630053,0
458797,0
503209,1
654915,1
648818,0
535094,0
805501,0
642783,0
717638,1
706518,0
614157,1
985311,1
802068,1
969536,0
427030,0
749319,1
1041683,1
893809,1
512236,1
498368,0
643393,0
866088,0
972560,0
1025583,1
1000288,0
697999,1
1065180,0
747777,0
785219,0
882370,0
571830,0
491988,0
968808,1
710332,0
484041,0
855737,1
998112,0
475165,0
892074,0
550427,1
729609,0
994159,0
867848,0
635182,0
590129,1
476435,0
633116,0
777138,1
877221,0
349212,0
534548,0
790499,1
861889,1
1005144,0
583359,0
476238,0
864577,0
539053,1
864241,0
595312,1
445134,0
850534,1
495834,0
608640,1
616251,0
468810,1
692772,0
637696,0
776165,0
443682,0
1009214,0
634825,0
1018943,0
524899,1
730450,0
1038609,1
408192,1
783731,1
637206,1
867416,1
872908,0
670475,0
856703,0
1060753,1
361713,0
614530,1
1058203,0
782264,0
879277,0
497261,1
595465,0
701309,1
767586,0
467940,0
781839,0
499715,1
376621,1
610259,0
1024806,1
734223,0
1035817,1
820865,0
1042384,0
946905,1
1056831,1
411755,1
781660,0
672324,0
559328,1
491032,0
869602,0
676546,0
695520,0
563700,1
572823,0
602049,0
713465,0
841379,0
352549,1
807120,0
862013,0
765479,1
1042541,1
699661,1
547965,0
766515,1
577254,0
721057,0
719044,0
762894,1
373874,0
978766,0
1069697,0
748880,1
757012,0
501172,0
1015326,0
580913,0
866699,0
516515,0
916491,0
698536,0
711870,0
625841,1
778747,0
703022,1
851224,0
481277,0
502013,0
828169,1
701962,0
829630,1
1064926,0
633533,0
705548,0
666941,0
1041490,0
853805,0
675933,1
448720,1
387195,1
586329,0
654898,0
750630,0
759441,0
841482,1
461745,0
1068475,0
773677,1
709112,1
616492,0
695296,1
765692,0
568725,1
856108,1
807069,0
884064,1
834329,1
490640,1
648648,0
1040872,0
623448,1
352590,0
519930,0
463412,0
376209,0
509599,1
809799,0
462906,0
556844,0
628731,0
476088,0
422759,0
865674,0
863853,1
509666,0
488999,0
750488,1
436294,0
880539,0
442500,0
740583,0
502595,1
635637,0
759448,0
400097,0
558828,0
969844,0
703843,0
664618,0
371029,0
803178,0
842964,0
685525,0
699027,0
213020,0
516124,0
645651,1
688733,0
741664,0
674225,1
598886,1
776949,0
425642,0
537441,1
644482,0
448303,0
792865,1
688914,0
1032334,1
602751,0
517250,0
885196,0
651535,0
736324,1
486897,0
542652,0
879412,0
1039098,1
620611,0
575602,1
623589,0
716635,0
403199,0
837233,0
495388,1
746486,0
853571,0
460147,0
1049562,1
605547,0
597681,0
588136,0
995717,0
155780,0
651923,0
775332,0
402807,0
977232,1
966311,0
1053783,1
1008625,1
489158,0
558340,1
856675,0
712663,0
503672,0
634290,1
499993,0
875198,0
519724,0
878643,0
1020469,0
413809,0
500320,0
253227,1
409356,1
982138,0
1005735,0
1015178,1
742275,1
790502,0
680791,1
507560,1
654769,0
820981,0
411092,0
618934,0
851770,1
464630,0
859988,1
409452,0
536708,0
636283,1
537736,0
433322,0
623262,0
460277,1
621020,1
429003,0
1031659,0
111227,1
430735,0
1039555,0
362309,0
769803,0
802767,0
567308,1
619606,1
1011050,0
720817,0
482969,1
475049,0
873624,0
603566,0
584881,0
711913,0
885293,0
978582,1
684950,0
976860,0
659310,0
997204,1
258717,0
547607,0
517521,1
969824,0
500432,0
1063040,0
848826,1
726025,0
752170,0
755761,0
830014,0
768364,0
1023591,0
524022,0
793282,0
634078,1
490047,0
700083,0
546025,0
536694,0
1024649,0
569481,0
824420,1
523113,0
371823,1
628692,0
1056186,0
574507,0
810273,0
1008334,0
531133,1
434585,1
763211,0
845128,0
552349,1
725835,1
496677,1
437519,0
853896,0
785417,0
1000903,0
993914,0
984277,0
862295,0
1023704,1
673363,0
397651,1
642816,0
866411,0
581857,1
697044,0
625868,1
1038861,0
565400,1
535220,1
740648,0
1051960,1
1050706,1
784806,0
390169,1
1016107,1
583657,0
714637,0
597358,1
386100,0
805504,1
793221,0
384605,0
701949,0
500142,0
591518,0
470305,0
867808,1
357874,1
612980,0
700306,0
1017481,1
1040748,1
822740,0
393653,1
477433,1
518295,0
520029,0
976110,0
816546,1
688682,1
837014,0
551322,1
478561,0
1036416,0
567165,0
790337,1
832811,0
518628,0
845828,0
722986,0
720443,0
984290,0
972420,0
445846,0
504684,0
541733,0
595464,0
812051,1
871639,1
1069071,0
560858,1
767495,0
446014,1
560993,0
728015,0
586068,0
779144,0
553701,0
698839,0
486892,0
695684,0
705212,1
408209,0
753788,0
620956,0
611810,0
468261,0
405840,0
970334,0
443826,0
465033,0
387942,0
818399,1
808419,1
847427,1
551119,0
400534,0
839315,0
784742,0
516322,0
718581,1
578939,0
421628,0
970144,1
1056150,1
1039993,0
651118,0
465537,0
643596,1
369320,0
484580,0
584508,1
238989,0
881619,0
829612,0
685438,0
689396,0
665074,0
725515,1
592916,0
633383,0
649879,0
547676,1
705020,0
875517,0
439564,1
827524,0
392378,1
537704,0
840529,1
822555,0
832688,0
659208,0
545189,0
748304,1
543085,1
535333,1
662659,0
454687,0
358557,1
820278,0
389504,0
653364,0
852064,0
582627,1
545685,0
848175,0
549328,0
667916,0
994442,0
814378,0
486202,0
465141,0
732237,0
561027,1
987255,0
602682,0
860554,1
597449,1
351801,0
480571,0
1060485,0
1069700,0
855195,0
812394,1
995470,1
1044826,0
358548,0
353126,0
549978,0
671796,1
1046355,1
710960,0
893553,1
873050,0
745721,1
433144,0
558955,0
858050,0
579585,0
972409,0
409507,0
495156,0
358545,1
654352,0
708046,1
782394,1
734617,0
452749,1
461415,1
698719,0
781687,0
623364,0
815073,0
1002366,1
796992,0
978722,0
972601,0
1019932,1
478412,1
436117,0
794760,1
1044133,0
973769,0
717830,1
650694,1
423935,0
1028987,0
455335,0
489719,0
1054552,1
1027375,0
837078,0
1003567,0
452580,1
984889,0
435366,1
1030851,0
648686,0
675565,0
614675,0
367428,0
709259,1
449704,0
653852,0
467219,1
807160,0
459542,0
775542,1
844238,0
489228,1
480995,0
1033741,0
789347,0
887766,0
482355,0
852879,1
739376,0
441046,0
768307,0
613281,1
576284,0
525212,1
1050977,0
681742,0
798278,0
546059,0
664978,0
463796,0
699676,0
612580,0
1034286,1
699714,1
588267,0
654549,0
608734,1
475121,1
755424,1
709328,0
1006766,1
1030250,1
649602,0
839365,1
631870,1
1033249,0
553994,0
789739,0
1004841,0
706882,0
123228,0
575730,0
1058484,1
540787,1
271652,1
443474,0
804500,1
607432,0
547245,1
864060,0
854486,0
550066,0
680444,0
984102,1
489850,0
728268,1
396522,0
887469,0
1030394,0
465182,1
470912,1
489699,0
851229,0
541056,0
715806,0
469109,1
396124,0
1014117,1
485301,1
527037,1
588949,0
618343,1
540757,1
764500,0
808665,0
522435,1
448110,0
889016,1
893009,0
607017,1
609451,0
515713,0
608114,0
788153,0
545527,0
871979,0
1015930,0
354818,1
1002291,1
762383,0
1057243,1
496066,0
811558,0
886716,0
852997,0
381180,1
1004899,0
985205,1
418953,0
997139,0
744641,0
713889,1
531561,1
368474,0
751893,1
889977,0
707103,0
850435,1
351104,1
839637,0
710884,0
416647,1
520859,0
1054743,0
465305,0
1058792,1
582723,0
1033330,0
749212,0
864057,0
224381,1
321575,1
438631,0
100214,0
509579,0
641800,0
432929,1
1015136,1
756653,0
967672,0
551232,0
457661,1
786529,0
706247,0
285386,0
441178,0
763601,0
394898,0
530608,0
359727,0
497711,0
1045045,1
473637,0
978090,1
583745,0
999981,0
554300,0
653139,1
978436,0
393847,0
489803,0
1044444,0
537275,0
1031213,1
458871,1
1058782,0
699896,1
547128,0
445988,0
995956,0
737349,0
505179,0
500730,0
253427,1
502623,0
967358,0
528309,1
669400,0
528324,1
819546,1
458478,1
535511,0
530186,0
619737,1
1046300,1
483058,1
617596,0
765676,0
847103,0
646031,0
657075,0
982018,0
1062976,1
812053,0
872939,0
1054438,0
352079,1
369207,0
493435,1
1018880,1
862397,1
629833,0
748322,1
378475,0
614250,1
725428,0
1051228,0
833973,0
724732,1
449788,0
608140,1
724993,0
786339,0
445672,0
784842,0
628156,0
522185,0
760164,0
369683,0
583119,1
887259,0
1065854,0
675584,0
503724,1
480425,0
1016722,0
490288,0
392694,1
466482,1
511441,0
890959,0
540564,1
528132,1
492142,1
1027067,0
686772,1
496447,0
685085,0
454740,0
601162,0
368523,0
457032,1
87023,1
1066212,0
497458,0
546608,0
647643,1
649483,0
852404,0
761524,1
486030,0
860971,1
665497,1
680893,1
809611,1
1029340,1
565876,1
843646,1
799168,0
881981,1
584444,1
1039253,1
506495,1
774664,1
580346,1
596327,0
713232,1
986667,0
821098,0
804982,0
429209,1
861699,0
737565,0
822029,0
486653,1
464664,0
647496,0
863274,1
675301,0
860033,0
553500,0
968700,0
456373,1
533748,1
403953,0
549140,0
813082,0
519553,1
494603,0
372825,0
519857,1
1034778,0
624524,1
640344,1
531422,0
399319,0
1052195,0
562842,1
979592,1
156417,0
680891,1
547137,0
1067816,1
807517,0
600829,0
625718,1
872386,0
372872,0
687022,1
979176,0
485040,0
759192,1
764541,1
789977,1
649586,0
1041503,0
546490,0
756429,0
624258,0
873315,0
390774,1
519719,1
444013,0
600144,0
199486,0
526367,0
977211,0
653437,0
685339,0
549843,1
608389,0
622539,0
365239,0
439669,0
840734,0
660403,1
519757,0
974121,1
706849,1
831300,0
537433,0
536138,1
675221,0
985735,0
688168,1
592478,0
730859,0
770000,0
647880,1
616605,1
1034832,1
1010824,0
834791,1
854417,1
675864,0
521396,1
893520,0
882090,1
872910,0
587143,0
586957,1
774733,1
607728,0
522414,0
569095,1
737079,1
505953,0
432185,0
376902,1
649082,1
600502,0
1002249,0
769491,1
500657,0
352749,0
866005,0
805307,0
371793,1
973087,1
687065,0
590994,0
503885,0
458771,0
241502,0
718608,1
734387,0
420220,1
1039327,1
377365,0
874306,0
554466,0
546035,0
892561,0
909451,1
466750,1
544492,1
436364,0
987923,0
842841,1
726767,0
461819,0
438732,0
519790,0
536402,0
700479,0
523516,1
717641,1
728363,0
1028642,1
830119,1
361393,0
489911,0
641574,0
883165,0
1053312,1
1054607,0
881238,0
364670,0
442355,0
1036474,1
662180,0
727293,1
966808,0
669503,0
477250,0
431785,0
1062654,0
727109,1
1040234,0
739010,1
437605,0
712502,0
617930,0
459675,1
535408,1
669298,0
671761,1
739311,1
692526,1
589653,0
986277,1
1004851,1
518348,1
869359,0
347987,1
1067644,0
520893,0
572016,0
585403,0
366874,1
579604,0
374309,1
391704,1
966995,0
879872,0
574813,0
978833,0
847537,0
843290,0
843398,1
607959,0
359544,0
677690,0
714444,0
1004005,0
454092,0
741903,0
440821,0
1044585,1
1007647,0
601281,1
554912,0
798261,0
537907,0
539405,1
566579,0
1059120,0
588228,0
584755,1
642820,0
631924,1
647746,0
1044511,1
835925,0
487115,1
1016513,0
657997,0
368435,1
991800,0
480497,0
593880,1
486414,0
436556,0
884582,0
529682,0
452386,0
1064774,0
513273,0
404361,0
886249,1
1063020,0
548323,1
768465,0
432774,0
1059251,0
642781,0
787410,1
489723,0
892985,0
1018190,1
416753,0
635387,1
623067,0
1000198,0
730896,1
628571,1
630916,0
431783,1
872736,1
796553,0
457918,0
863203,0
485098,0
92552,0
557487,0
654789,0
803192,0
794612,0
487063,0
555263,1
823579,0
464997,0
494965,1
634508,0
550597,1
721257,0
508655,0
637501,0
864103,1
366292,1
608259,0
669559,0
640100,0
203367,1
591736,0
490674,0
482508,0
714543,1
596621,0
812943,0
599757,0
749459,0
986046,1
1058956,0
379227,0
515506,0
362682,0
1022038,0
876418,1
1062399,1
548106,0
706431,0
1007227,0
516082,1
444563,1
1055212,0
542664,1
509982,0
881286,1
1026237,0
600664,0
440658,0
663246,1
572106,1
480111,1
829429,0
833183,1
453524,1
501462,1
700127,0
644403,0
645396,0
748129,0
641899,1
437782,0
1036511,1
815909,1
884978,0
370631,0
573480,0
1031278,1
1059502,1
593147,0
822908,0
764769,0
777581,1
437399,0
386209,1
1066061,0
765146,1
1038222,1
483065,0
202720,0
1026553,1
441896,0
513411,0
157169,0
659863,0
571927,0
780147,0
630753,0
762580,0
823175,1
858997,1
460667,0
997734,1
552470,1
364454,0
570784,0
812411,1
840110,0
664168,0
1030423,1
1064666,0
1053117,0
976542,0
601752,0
852767,0
456899,0
477195,0
728605,0
509285,0
583137,0
701284,0
1002026,0
567274,1
546240,0
826350,1
614506,1
687214,0
521679,0
525230,0
1007918,0
345567,1
561248,0
557649,0
572970,0
834033,1
864841,0
697523,1
472730,1
723683,1
738349,1
364254,0
544339,0
693845,0
473825,0
638105,0
835523,1
784485,0
755745,0
752339,1
840762,0
1002859,0
527442,0
651235,0
1042427,0
467971,1
730606,1
836680,0
663867,0
553077,0
400049,0
528161,0
527817,0
488740,0
979302,0
1004670,1
578029,0
851550,0
613347,1
1052731,1
881334,0
624300,1
848960,0
139057,0
699652,1
480493,0
695182,0
973049,0
528656,0
654619,0
1057054,0
543509,0
803544,1
718793,0
434625,1
672712,0
376737,0
461751,0
450995,0
690464,0
472214,1
534376,0
531027,1
652229,1
741178,0
793239,0
892936,0
432778,1
568251,0
549701,0
625272,0
1061128,0
722833,0
884135,1
350186,0
643218,0
1057750,0
599746,1
709567,0
867339,0
738145,0
488289,0
881055,1
771899,0
720543,0
1011422,0
1016026,0
777826,1
868217,0
438035,1
885389,0
390651,0
970963,0
650667,0
514680,1
745982,1
444440,0
868305,0
445902,0
973890,1
357979,0
281788,0
770922,0
868277,0
648582,0
574644,0
368897,0
543083,1
242092,0
868027,0
510833,1
1023178,0
765567,0
490965,1
615693,0
490109,1
608454,0
812320,0
664512,1
999951,0
647083,0
620319,1
523641,1
545120,1
472349,0
463158,0
416212,0
1042053,0
861498,1
445007,1
747470,0
278018,1
886830,1
876767,0
1058209,1
670466,0
813796,0
967351,1
493897,1
589554,0
802591,0
602159,0
846633,0
765474,1
712117,1
427810,1
586897,1
485941,1
797821,0
929732,0
608687,1
511586,0
475619,1
427621,0
1048026,0
571706,0
120374,0
789281,1
798229,1
495173,0
892182,0
910281,0
682254,1
827717,0
998983,1
546014,0
504523,0
519100,1
1061204,1
872153,0
367218,0
857869,1
945434,1
649006,1
515702,0
365474,0
706556,0
369302,0
429748,1
893208,0
463906,0
884733,0
620486,0
502506,0
460375,0
676925,1
863164,1
979752,0
806044,0
647057,0
506898,1
466442,0
1064687,0
713457,0
560923,0
607148,0
564020,0
857070,0
891547,0
828241,0
621444,0
1038010,1
470560,0
878663,0
463814,1
627462,0
786438,0
665251,1
560368,0
872113,1
766902,1
872341,0
508426,0
613425,0
402555,1
629418,0
432200,0
516221,0
857826,1
827774,0
778951,0
530764,0
831149,0
350334,0
504527,0
535406,1
468463,0
765156,0
380363,1
377886,0
666481,0
976194,1
739263,0
823374,1
841907,0
455977,1
512716,1
1004102,0
789853,0
856648,0
609823,0
1068350,0
722582,0
819751,0
642462,1
832609,1
922483,0
538031,0
855474,0
520869,0
494256,0
661496,1
465845,0
580887,0
732697,0
670906,0
429733,0
839980,0
722636,0
867295,1
240361,0
710176,1
635352,0
491675,0
834281,0
447920,0
451497,1
529618,1
830824,0
518199,0
520691,1
713324,0
709240,1
473580,1
1042852,0
619509,1
645757,0
453516,1
1056057,0
562619,0
462651,0
633445,0
660991,0
382651,0
459067,0
870027,0
792949,0
734899,1
820768,0
815573,0
818299,0
766668,0
774836,0
908350,0
818882,1
739194,0
676147,1
287629,0
455716,0
627803,0
504506,1
701951,0
444464,0
439472,0
664509,1
709564,0
774609,1
398139,0
425612,0
597414,1
361165,1
593040,1
525133,0
451708,0
631927,0
685481,0
533545,0
475749,0
595616,0
286038,0
805318,0
480862,0
359757,1
772290,0
418586,0
798511,1
778309,0
549411,0
830156,0
618169,0
989530,1
545110,0
684855,1
433805,0
497118,0
741007,1
380313,1
997803,0
828506,1
746729,1
543328,0
1026877,0
398116,0
838047,1
432775,1
535014,1
538123,0
461846,0
458960,0
362787,0
625314,1
1060925,0
350826,1
646084,1
586671,1
575763,1
991976,0
1065467,1
487131,1
656081,0
473684,1
496451,0
819119,0
664678,1
871626,0
602849,1
541122,1
733320,0
636436,0
794023,0
380274,0
540779,1
1043852,1
453618,0
991257,0
868112,0
675736,1
984792,1
670099,0
1042483,0
522641,0
835973,0
440293,0
486818,0
529576,0
651601,1
538111,0
1037268,0
487786,0
791741,1
718910,0
966910,0
1046407,1
668836,0
470007,0
660683,0
617950,1
881029,0
362265,1
617245,1
473726,0
446075,0
503034,0
611375,0
817783,1
861881,1
483485,1
635021,0
730445,0
986728,0
784594,0
1058519,0
884680,1
884143,0
583713,0
1007317,0
593062,0
469552,1
850988,0
784424,0
555915,1
1064830,1
875856,0
439467,0
440300,0
382138,1
609362,0
362272,0
450747,0
1033854,1
759041,0
350671,0
429669,1
579159,1
708969,1
880070,0
562816,0
436567,1
659056,1
974904,0
990043,0
499092,0
531774,0
614318,1
739336,0
1066424,0
983769,1
1064558,1
847496,0
644362,0
406456,0
1040679,1
608831,0
469667,1
438895,0
776948,0
500924,1
152291,0
860483,0
946504,0
649485,0
802075,1
788475,0
638110,1
397574,0
747540,0
456474,1
718880,0
973182,0
577396,0
460256,1
640107,1
435217,0
511371,0
768158,0
1028169,0
1063228,0
528985,0
1060365,0
827490,1
764191,1
787316,0
843925,1
862101,0
489239,1
663899,0
624657,1
1053529,0
409925,0
754118,1
228923,0
1017884,0
570299,1
469341,0
685444,0
973628,0
98982,0
674916,0
1033026,1
839584,1
747207,0
489530,1
764351,0
565982,0
644724,0
1000799,0
893012,0
540556,0
485310,1
478200,1
1022445,0
377005,1
800251,1
559296,1
614650,0
416154,0
606214,0
1046530,0
679794,0
865217,1
580766,0
731055,0
736337,0
482011,0
808981,0
1058814,0
863087,0
496340,1
722915,0
510090,0
448230,0
535375,1
993503,0
1008388,0
544418,0
714163,1
454824,1
875446,1
564988,1
843460,0
622951,1
548918,1
624703,0
364944,1
403534,1
612825,1
1055920,0
960484,0
726527,0
420490,0
363809,0
840441,0
351634,1
849316,1
573552,0
573575,0
613006,0
192299,1
469094,1
512424,1
530554,0
485051,0
793722,0
887484,0
815590,0
876837,0
885282,0
1016155,0
729594,0
781137,0
1050213,0
857285,0
467846,1
795104,0
852793,0
652885,1
566738,1
656877,1
1014729,1
983758,0
854256,0
854024,1
680482,0
796034,0
881531,0
567324,0
374229,1
548211,0
1068575,1
467572,0
790160,0
885011,0
793889,0
786420,1
483418,0
809091,0
308270,0
709868,0
349138,0
414452,0
978944,0
598794,0
816748,1
776226,0
444182,0
496369,0
619112,0
1068547,0
612590,1
467996,0
623231,0
646690,0
784904,0
459049,0
181701,1
997381,0
691393,0
372736,0
539293,0
859862,0
429010,0
494676,0
1018179,0
1015211,1
609605,0
1055282,0
768605,0
392430,1
353584,1
474420,0
617271,0
274375,0
1038001,1
755335,1
497400,1
1036084,0
436141,0
417587,1
503057,1
443373,0
788280,1
854716,0
344662,0
1018744,0
755635,0
605361,1
475830,0
683165,0
864325,0
803745,0
891299,0
463711,0
365674,0
571260,0
994284,1
716186,0
489407,0
674215,0
971428,0
984808,1
613607,1
719833,0
874599,1
858379,0
481475,1
436389,0
584718,0
675017,1
985495,0
538336,0
607867,0
538933,0
828790,0
893164,0
420652,0
640480,0
511889,0
378397,0
496543,1
1008915,1
1024126,0
426918,0
470243,0
809660,1
846589,1
985513,1
445838,1
691731,1
885382,0
550366,0
559232,1
785983,0
871158,1
668727,0
704433,0
606714,0
496558,0
1017316,0
510374,1
996919,0
843771,0
378466,0
966036,0
1033192,0
512667,0
495753,0
985825,0
421402,0
525019,0
687618,0
627169,0
385543,1
668826,0
643939,1
408542,0
452378,0
883314,0
1061095,1
680314,0
439550,0
717106,0
757203,0
635467,0
468754,1
430755,0
410093,0
328105,1
553208,0
558545,0
1002568,0
176206,0
483785,0
570102,1
92440,0
686253,0
822258,1
727361,0
401867,0
422456,0
543940,1
795353,0
770949,0
708733,1
973412,0
771820,0
610846,0
549613,0
736949,0
811215,0
795056,1
531453,1
1069039,0
454512,0
366533,0
520653,1
680400,0
777303,0
490412,0
998590,0
424104,0
649673,1
300546,0
1023542,1
603950,0
661495,0
604070,1
1025100,1
641493,0
836548,1
578320,1
583684,0
492872,0
404785,0
677569,1
492468,0
224894,0
1047067,0
591885,1
509947,0
459777,1
862256,0
417850,0
537354,0
366563,1
657378,0
760967,0
796776,1
565941,0
500923,0
588972,1
581291,0
1037033,1
821466,1
636112,0
714724,0
716607,1
995519,0
619053,0
840261,0
498452,0
436240,0
529267,1
1033918,1
506922,1
533761,1
777761,0
404321,0
977914,0
483962,1
996065,1
792985,0
628563,0
582595,1
725587,0
692765,0
600711,0
216508,0
431672,0
570914,0
716741,1
528809,0
666725,0
461529,1
694231,1
1033318,0
560857,0
665607,1
481312,0
698305,1
879452,1
507012,0
687877,1
675529,1
483697,0
463005,0
492524,0
450001,1
747883,1
618208,0
518303,0
676430,1
770095,1
759583,0
546714,1
461718,0
720766,0
520631,1
533057,0
1064873,0
382001,0
510627,0
873144,0
999746,0
632382,1
500898,1
642464,0
519893,1
869713,0
773935,0
998706,1
619895,0
840015,0
738492,0
606665,0
713654,0
867278,0
891393,1
870661,0
434143,0
607880,1
289651,0
710883,0
465596,1
864414,0
991723,1
884814,0
1033097,0
700340,0
871365,0
767098,0
825529,0
528528,1
768861,1
394295,0
558185,0
623809,0
881063,0
759675,1
780910,1
788149,0
816557,1
358566,1
1004741,1
572484,0
831048,1
599975,1
616688,0
646339,1
849217,0
978172,0
781309,0
637550,0
774690,1
462277,0
581663,1
636930,0
715848,1
878306,0
704390,1
534354,1
863424,0
626835,0
1004345,0
557673,0
605556,0
557551,1
522820,1
974557,0
1008550,1
878872,1
872960,0
825952,0
628995,0
662383,1
609299,0
1035647,0
724873,0
474259,1
539041,0
1032547,1
435612,1
704562,0
752610,0
990486,0
533539,0
662951,1
1016236,1
640006,1
1026409,1
353150,0
610920,0
583194,1
816175,1
645962,1
1059701,0
500349,1
531529,0
661768,0
801737,1
488644,0
1040921,0
768471,0
1075358,0
1069357,0
862181,1
860152,0
766990,0
1016593,0
522292,0
478537,1
470022,0
620600,0
786325,0
346919,0
1058381,0
632873,1
642441,1
856163,0
887833,1
987389,1
1003708,0
474628,0
651379,1
923035,0
734508,0
592019,0
573459,0
546280,0
449803,0
724735,0
404448,1
559692,0
874557,1
636839,1
1026623,0
608596,1
814875,0
601985,0
593211,1
770143,0
764108,0
753261,0
892399,0
1035174,0
511417,0
519082,1
788464,0
508921,1
571131,0
399817,0
1041284,0
521293,1
880102,0
527259,0
457364,1
878728,1
658982,0
449344,1
792397,0
395968,0
1011148,0
360253,0
491598,0
839948,0
559781,0
1010149,1
729829,1
1010206,0
761831,0
481782,0
717400,1
578744,1
634092,1
781189,0
584738,0
505888,0
768963,0
578204,0
454669,0
585215,0
788969,0
1017086,0
803217,0
537078,0
556731,0
797350,0
947469,1
434340,1
481494,0
723149,0
494123,0
714436,1
499466,0
536634,0
970684,1
971536,0
702097,1
468400,0
563412,0
382672,1
793919,0
729148,1
751706,0
999468,0
823220,0
741734,0
539392,0
549244,0
715674,0
554057,1
502320,0
716825,1
830743,0
1061776,0
433904,1
1008194,0
626917,0
750410,0
606520,0
603329,0
616829,0
869561,1
735252,1
610713,0
772608,0
542299,0
439548,0
315794,0
643926,0
986458,0
979822,0
605415,0
456085,1
566115,1
1043300,1
479148,0
551983,1
833919,0
648749,1
568659,0
513646,0
532452,0
724236,0
810775,0
578726,1
516255,1
695733,0
1045198,0
974392,0
747276,0
758928,0
476379,0
1033270,0
705781,1
505793,0
606018,0
641704,0
782989,0
373834,1
507228,0
1001151,0
449719,0
619904,0
622584,0
675733,1
562812,0
598076,1
773475,1
606998,0
481274,0
867974,0
503757,0
627952,1
501284,1
882183,1
321255,0
362851,0
1038914,0
528242,0
692174,0
839903,0
657990,0
683534,0
587091,0
493562,0
379740,1
376019,1
431261,1
626704,1
613210,1
716531,0
616408,0
440598,0
838418,0
850452,1
1058123,0
765683,0
407905,0
1069361,0
616568,0
502949,0
1017659,0
590035,0
893563,0
531045,1
892024,0
470433,0
881548,0
859440,1
748051,1
867052,0
531959,0
1015102,1
443151,0
1055646,1
714433,0
598102,0
993367,0
426626,1
528797,1
996273,0
369291,0
862264,0
890368,1
696903,0
605063,0
721756,0
621149,0
383945,1
494423,1
502488,1
889707,0
501825,1
866400,1
540280,0
677901,0
226780,0
478589,0
621987,0
283014,0
782749,0
594789,0
821986,1
523142,1
997813,1
983821,1
424945,0
996415,0
883912,0
752345,1
530962,0
372947,0
540617,0
717509,0
858269,0
732269,0
677087,1
1018736,0
776493,0
750061,1
841329,0
429515,0
597931,0
634940,1
990524,0
349679,0
887182,0
757381,0
594712,0
564851,0
837813,0
455027,1
493735,1
855768,0
671516,1
755215,1
1038453,0
836483,0
487873,0
630481,0
455941,0
746773,0
774349,0
1033838,0
268675,0
477015,0
842104,0
571999,1
502319,0
474538,0
1018748,0
487483,1
780809,1
804981,0
604354,0
647971,1
849333,1
161187,0
546186,0
785081,0
747152,0
969421,1
1032923,0
1036486,0
486971,0
575506,0
672769,0
432057,0
851197,0
512335,0
476104,0
496029,0
881232,0
629039,0
607690,0
364713,0
564455,0
542761,0
745664,0
510024,0
812939,0
493850,0
1037135,0
507836,0
569779,0
515616,0
891636,1
670159,1
348786,0
587028,0
557436,0
66964,1
619580,0
1068018,0
582208,1
785876,1
352172,0
731021,1
789015,0
713828,1
499373,1
691424,0
615995,0
674071,1
519824,0
480512,0
646327,0
557296,0
454838,0
774063,1
887816,0
359409,1
474368,1
664694,0
402415,0
841001,0
729368,1
1068273,0
1002202,1
1044495,0
362280,1
573608,0
842264,0
439561,1
1068075,0
827528,0
661658,1
751223,1
883712,0
815531,1
740068,1
784317,0
603967,0
792691,1
994078,0
823365,0
833724,0
445199,0
883331,0
755554,0
756041,1
501703,1
491283,0
608242,1
736683,1
1048535,0
586236,0
882779,0
735360,1
325172,0
470703,0
784612,0
445388,0
464192,0
467735,1
736677,0
599424,0
1060853,1
450893,0
572877,0
1013992,0
642846,0
585626,1
417386,1
391981,1
675788,1
642751,0
764588,1
602067,0
853673,1
835682,0
601353,0
712841,0
505493,0
725778,1
389650,0
801074,0
572730,0
1036928,0
539577,0
708223,1
664424,0
1036064,0
826906,0
647277,1
886136,0
417609,0
734152,0
746282,1
833890,0
986302,0
1015995,1
742808,0
1050056,1
531766,0
1031998,0
856867,0
969566,0
449589,0
467564,0
493351,1
638674,0
547248,0
994123,1
980033,1
1056062,0
515710,0
726815,0
589245,0
711424,0
591496,0
653379,1
889324,0
384343,0
599109,0
821943,0
748503,1
735569,0
769917,0
1058173,1
605562,1
485313,0
723769,0
589786,0
449732,0
696897,1
492488,1
747113,0
784244,0
994158,0
818487,0
1044462,0
982035,0
452768,0
785789,0
741268,1
768832,0
810558,1
664404,1
634884,1
661258,1
788049,1
779698,1
552933,1
472421,0
802785,0
642853,1
503966,1
475806,1
772417,1
817929,0
488478,0
622395,0
852914,0
844517,1
1002518,0
618005,0
785965,0
815146,0
410080,0
649145,0
508722,0
553784,0
486538,0
833376,1
1033633,0
816845,0
774013,0
875028,0
1041019,0
371815,0
1057766,0
812976,1
765226,1
1077175,1
634768,0
859961,0
993535,0
770091,0
441042,1
653751,0
523313,0
825863,0
543975,1
224541,0
778480,1
870433,0
501935,1
682158,1
490839,0
869113,1
858188,0
646957,0
608674,1
704426,1
577364,1
361146,0
569162,0
597019,1
867685,1
504203,0
565883,0
1027779,1
1053411,1
678614,1
649566,1
437224,0
801857,0
690304,0
1056080,0
771280,0
1028145,1
861773,0
722612,0
682078,0
605204,0
954345,0
707500,0
1053837,0
351355,0
528958,0
862933,1
610562,0
398306,0
722895,0
520604,1
550691,0
973792,1
385661,0
223345,0
812114,1
850440,0
578922,1
988402,0
420411,1
497316,0
742244,0
521586,0
581347,0
815843,0
793547,0
492553,0
804108,1
311749,0
712405,0
474247,0
697262,0
471262,0
861157,0
1022411,0
701523,1
1052012,0
871396,0
414951,0
628923,1
575245,0
510350,0
1055653,1
601229,0
616162,0
351701,1
664395,0
832317,1
643484,1
497770,0
1008504,0
1058228,0
530124,0
572277,1
744604,0
796082,0
592129,0
1003925,0
542738,0
849728,0
291461,0
1004145,0
553289,1
722761,1
514883,0
1035743,0
1037108,1
671373,1
628921,0
439749,1
589127,0
532252,0
1012586,0
379717,1
551827,0
495699,0
1000267,0
890730,0
664374,0
522751,0
540768,0
633392,0
495105,1
630965,0
764297,0
497821,0
588049,0
1028829,0
711095,0
997632,0
687745,1
802236,0
641687,0
1034507,0
868500,0
804920,0
508436,1
836792,0
813706,0
683166,0
728317,1
781104,0
683428,1
691483,0
366241,0
566518,0
437119,0
651455,0
741676,1
762174,1
443055,0
434125,0
884937,0
249972,0
756075,0
632132,0
778111,0
571728,1
749050,0
568400,1
350958,1
437507,1
979666,1
487209,0
986557,0
418498,0
794594,0
525095,0
820266,0
536253,0
883418,0
678399,0
444908,0
314635,1
807957,1
875562,0
767588,1
880366,1
647641,0
744847,1
458649,0
1006564,1
865995,0
787064,0
776969,0
352816,0
482296,1
868268,0
506052,0
798045,0
608388,1
615639,0
729375,0
887346,0
705912,0
474202,0
787093,1
888068,0
361849,0
654689,0
575830,1
603127,1
927879,1
1008709,0
374403,0
475301,0
684331,0
358621,0
1050591,0
971827,1
132172,0
1015684,0
609040,0
1034684,0
422328,0
972482,1
741219,1
487968,1
730854,1
621936,1
769964,1
1066232,0
867387,0
794580,1
590784,0
656292,0
441435,1
754267,0
734543,1
697234,0
1002880,1
707517,1
848279,1
863011,0
883717,1
608748,0
826987,0
649179,0
361653,0
730086,0
592064,0
550330,1
793656,0
566142,1
395712,1
500594,0
461356,1
604855,0
480554,0
733858,0
555078,0
628787,0
1031117,1
724403,0
448888,1
346965,0
414608,0
641211,0
366004,0
514206,1
1038223,0
1016250,0
495999,0
1037627,1
450837,0
1004336,1
1040671,0
538682,0
579194,0
1002142,1
493825,0
1001552,0
580277,1
654043,0
433310,0
1043961,0
543675,0
507020,0
821895,0
643083,1
800032,0
379570,0
441290,1
885182,0
608997,0
419949,0
695582,1
640263,1
719196,1
673461,1
1063964,0
427276,1
675966,1
970316,1
539327,1
568971,1
391591,1
738203,1
696568,1
499492,1
995527,1
566112,0
837231,0
649153,1
658934,1
724865,1
370791,0
410236,1
1067179,0
818925,0
850711,0
382085,1
371943,1
878701,1
656227,1
567956,1
584460,0
577208,0
731637,0
787625,0
493291,0
611374,0
413088,0
874604,0
426031,1
855224,0
512220,1
422937,0
778837,0
476983,0
623210,0
815397,1
491310,0
330677,0
696335,1
810752,1
552334,0
439788,0
1062873,0
680899,1
667864,0
386544,0
797932,0
801376,0
519635,1
1038889,0
461451,1
363701,1
607574,1
559180,0
446873,0
518434,1
321051,0
608423,0
785802,0
483469,0
1033977,0
736120,0
658170,0
486462,1
727469,0
754916,0
640420,1
787700,0
667833,0
725930,1
1001032,0
517818,0
989249,1
627532,1
967974,1
492459,1
347689,0
376430,0
691663,1
868702,0
724580,0
510777,0
748190,1
522080,1
820300,1
977518,0
477519,0
818199,1
970707,0
1060015,0
557199,0
262215,1
1043264,1
522143,1
508993,1
460876,1
1020393,0
493835,0
728052,1
803369,0
401026,0
888886,1
456326,0
839811,0
591092,0
554924,1
427342,0
501581,0
479769,0
640526,1
641696,0
598702,0
853229,0
1060429,0
1053142,0
772361,0
521763,0
613479,0
826135,0
757451,1
652371,0
417536,0
689567,0
623638,0
535934,1
705790,0
1006845,0
1027858,0
712574,1
815082,0
810011,0
771105,0
348575,0
500297,1
802078,1
519169,0
924880,0
478769,0
509946,0
584692,0
668983,0
1004771,0
860561,1
511303,0
623700,0
847761,0
1012055,1
496292,1
502199,1
376175,0
379962,0
729142,1
498568,0
691973,0
521234,0
245124,0
670192,1
572615,0
1031425,0
427814,0
551889,1
1012057,1
659105,0
1002680,0
1063069,0
537448,1
977338,0
736375,0
736716,0
1033410,0
575494,0
541585,0
345388,0
489130,1
800886,0
1027992,0
571473,0
1045468,0
1038518,0
1067026,0
364646,1
742119,1
781211,0
813817,0
468904,0
997934,0
801918,1
657043,1
443796,0
495236,0
476940,0
640639,0
764670,0
1031647,1
623079,0
781387,0
696841,1
1057878,0
690025,0
635489,0
856057,0
788798,0
596491,1
653425,1
968798,0
431130,0
547304,1
1012923,0
1017098,0
740076,1
823399,0
611449,1
723964,1
794101,0
525456,1
852787,0
1060995,0
513889,0
372591,1
972787,0
592737,0
558723,1
449556,1
638466,0
1058552,0
976164,1
790567,0
811761,0
643981,0
472753,0
682833,1
784471,0
542610,1
1059312,1
877645,1
863251,1
841575,0
577117,0
975001,0
683175,1
872233,1
1036680,1
501680,1
1031003,0
631948,0
1010204,1
441976,0
416369,0
779713,0
247062,0
591691,0
489977,0
635933,0
871467,1
92402,0
973852,0
967721,0
452969,0
1004138,0
638887,1
474569,0
417046,0
534444,1
1011948,0
758526,0
699803,1
658464,1
665435,0
487937,0
488269,0
602334,0
497767,1
420601,1
504476,0
706523,0
878108,0
379857,0
573221,0
1011733,0
669219,1
567114,1
1040037,0
893050,0
786034,0
716947,0
809800,0
609583,0
1067109,0
978623,0
431443,1
490446,0
514648,1
799345,1
660607,0
1002809,1
784663,1
444914,1
370852,1
1066215,1
717532,1
653891,1
803702,1
602482,0
360501,0
826054,0
655646,1
437508,0
606135,0
362114,1
722768,1
503030,1
196910,0
339477,0
1044298,0
971171,0
1045843,1
735981,1
854468,0
514494,0
638117,0
497599,0
1047031,0
448699,0
479869,0
493268,0
620300,0
704239,0
854752,1
539708,0
734537,1
424008,0
443918,0
535845,0
482978,1
866493,0
866970,0
377119,0
502525,0
483084,1
623198,0
720575,0
1024471,0
682648,1
422420,0
519517,0
600470,0
793800,1
956756,1
838698,0
466321,1
718692,0
684594,1
985083,0
588642,1
538050,0
515474,1
717232,0
1032949,0
781524,1
561354,0
299106,0
999170,0
796993,1
621743,0
529361,0
1012878,0
669378,1
520975,0
572082,0
679053,0
540270,0
533955,1
1045339,0
631407,0
987985,0
1014842,0
1063003,1
385259,0
443770,0
1033717,0
617181,0
854986,1
1035719,0
429994,0
361119,0
361859,0
742570,1
418217,0
315196,1
572412,0
1061721,1
526161,0
611095,1
587629,0
703223,0
793904,1
1047075,1
717600,0
1048315,0
1056857,1
696188,0
801402,1
386541,0
465776,0
553915,0
548894,0
594908,1
1064736,1
241850,0
535051,0
824566,0
713946,1
363271,1
587914,1
282347,0
1020138,0
359243,0
416794,0
666646,0
741967,1
999894,1
851388,1
1007070,0
831372,0
696825,0
380075,1
649578,1
522760,0
582666,0
592230,0
591511,0
447139,0
548748,0
445820,0
432854,1
788890,1
449253,0
1010011,1
798571,1
812145,0
715997,0
1062795,0
661886,1
69550,1
630720,0
458623,0
597838,0
876000,0
838790,1
629226,0
628074,1
619187,0
390572,1
388821,0
1016371,0
640062,1
1050833,1
1055587,1
1032016,1
478785,0
1005932,1
392880,0
514022,1
691516,1
476369,1
893985,0
844298,1
872260,0
474147,0
670852,0
767652,0
630279,0
585315,0
871731,1
428300,0
1033606,0
984263,0
844382,0
491916,0
676204,0
675855,1
997674,0
627014,0
1006918,0
377294,0
502167,0
725391,0
264003,0
481451,0
829807,0
607525,0
580416,0
453290,0
503295,1
886952,1
1036774,0
542638,0
647506,1
548979,0
648358,0
724932,0
439689,1
450832,0
527291,1
1025415,1
644887,0
572425,0
1052360,0
966742,0
1047652,0
557145,0
618760,0
1011825,0
980228,0
554813,0
620080,0
455074,1
780578,1
286955,1
269127,1
463418,0
468076,0
387512,0
611774,1
861885,1
738935,1
420104,0
995614,1
605778,1
577510,1
875275,0
457651,1
433777,1
1016181,0
423556,0
487488,0
814911,0
714209,0
818831,0
1026867,0
640386,0
505372,1
469298,0
606595,0
332927,1
577423,0
627230,0
789806,0
428601,1
518685,0
403018,0
572889,0
841213,0
469546,0
825805,0
643511,0
508496,0
876560,0
1031719,0
1063388,0
1004131,0
642779,1
841758,0
992247,0
606217,0
799617,0
1057598,1
558844,0
600497,0
814939,0
1001241,1
462464,1
282275,1
557423,1
1004153,1
740621,0
884295,0
495809,0
668390,0
610893,1
794818,0
597459,0
586126,1
792026,1
587985,0
488676,0
533751,1
390502,0
725372,1
713572,1
481322,0
362598,0
621507,1
988131,1
384722,1
502510,0
460298,0
998488,1
687163,0
1010788,0
1014934,0
501812,0
381694,0
552639,0
803831,0
1068158,0
877788,0
754199,0
1009416,0
842409,1
670830,0
373654,1
1019432,0
755769,1
582695,0
741680,0
759477,1
594790,0
266989,0
487881,0
1058242,0
672089,1
1037146,0
758996,0
1054308,1
407684,0
379586,1
772803,0
678492,0
1047525,1
394840,0
642833,0
974297,0
438125,0
529461,0
1046950,0
1051709,0
520433,0
597558,1
476477,0
952635,0
613815,0
798589,1
824986,1
611270,1
569816,1
551237,0
677395,0
522644,1
389524,0
870025,0
638173,1
823979,0
876026,0
516260,0
542296,0
521401,0
625498,0
667877,0
1052979,0
545959,1
349588,1
444197,0
892757,0
281384,1
993472,0
637885,1
674088,0
1036752,0
496347,0
988193,1
819741,1
479864,0
775126,1
717219,0
1062260,1
820161,0
562611,1
467871,0
774155,0
988536,0
592900,1
608801,1
484033,0
882709,0
457744,0
985801,1
412882,0
1037470,0
823233,1
149754,0
386639,1
416277,0
713030,0
866923,1
1051548,0
489772,0
753036,1
506584,0
1052789,1
513036,0
542199,0
523016,0
456262,0
1008428,0
549042,1
612441,1
481854,0
1038880,1
1002729,0
789249,0
638127,0
516805,0
446201,0
423711,0
887644,0
518445,0
641920,0
787098,1
887932,1
842814,0
813291,1
740639,0
892412,0
447281,0
651657,0
638758,1
705361,1
777634,0
492370,1
620944,0
432771,0
447761,0
769572,1
641207,1
1034920,1
974929,0
600757,0
695149,0
1064061,0
469409,1
459375,1
748118,0
1014291,1
537037,0
465763,1
1037540,0
679826,1
571836,0
794846,1
783244,0
688569,0
644149,0
1001320,0
387680,1
676667,0
371841,0
597906,0
543973,0
769636,1
691994,1
1045509,0
583047,0
875547,1
533182,1
522129,0
1023951,0
495414,0
1049310,0
499054,0
1047080,1
493529,0
646675,0
890786,0
464841,0
718550,1
840232,0
756050,0
991309,1
413524,0
1029236,0
672723,1
563362,0
786611,1
760045,0
761924,0
470102,0
490397,0
597965,0
689939,0
469683,0
404814,0
522022,0
521001,1
511422,0
525519,0
861237,0
689961,1
377316,1
830066,0
848659,0
471831,0
874227,1
655940,0
525475,0
1048164,0
890697,0
652764,1
1037730,0
351780,0
391569,1
676035,0
648302,1
703890,0
645126,0
863062,1
369529,0
611936,0
1014779,1
1060697,1
802097,0
852457,0
559498,0
478519,0
629032,0
492393,1
499499,0
489461,0
795919,0
541531,0
991230,0
652517,0
785372,1
640761,0
1041364,0
813952,0
720920,1
751959,0
802401,1
808292,0
501603,0
517055,0
972015,0
849681,0
646187,0
483797,0
618757,0
707827,0
746008,0
249164,0
552454,1
746652,0
759314,0
566392,0
546108,0
467359,0
766987,1
872282,0
376827,1
994765,0
1036318,0
770520,1
620368,0
474398,0
757740,1
715429,0
731717,1
736932,0
787505,1
672974,0
875646,1
871213,0
678241,1
709526,0
859997,1
1057515,1
734657,0
362937,0
576799,1
504483,0
400872,1
715319,0
428069,0
418875,0
969594,0
806798,0
797987,0
1069742,0
988301,0
515932,1
571525,0
1054469,1
526894,0
476557,1
614649,0
1033554,1
1025633,0
761721,0
550117,0
822778,0
354219,0
501651,0
480461,0
821321,1
811348,0
645550,0
627501,0
501793,0
753627,0
101579,0
490274,0
1057787,0
414231,0
1029224,0
539422,0
507224,0
984148,0
579043,0
871862,0
438024,0
615055,0
978874,0
521028,1
398711,1
557103,0
1052181,0
428880,1
760488,0
870332,0
780992,1
332132,0
513468,0
596195,1
1068487,0
515872,1
883504,1
495389,0
498716,0
654824,0
763947,1
1041975,1
543020,0
366003,0
438922,0
637323,0
449306,1
465530,0
361794,1
882698,0
650560,0
991824,1
838307,0
738322,0
535908,1
859682,0
522112,0
419617,0
640983,0
980260,0
669546,1
769628,0
762571,0
647554,1
717270,0
980552,1
874799,1
447858,0
1008242,1
599656,0
714675,0
889647,0
482728,0
361244,1
822924,1
439205,0
524583,0
619721,1
655115,0
758482,0
826893,0
879844,1
514673,0
387069,0
553277,1
891946,0
361400,1
506058,0
524215,1
1008254,0
675570,1
579781,0
591139,1
641147,1
854802,0
859837,1
867209,0
1010645,1
365663,1
456023,0
530454,0
574817,0
479713,0
1039496,0
838960,0
431155,0
863195,1
834823,0
1041216,1
601059,0
871008,0
701986,1
666742,0
646901,1
610027,0
1017196,0
754033,1
785240,1
478580,1
778495,0
453585,1
434050,0
1016680,1
370042,1
721515,0
1034063,0
627833,0
574841,0
480816,0
682411,1
1065717,0
725871,0
1012953,1
516225,0
588530,0
877956,0
658224,0
512027,0
379491,0
581779,0
854714,0
837872,1
614022,1
444810,0
611963,0
501044,0
501209,0
600762,1
519197,1
894105,1
385783,0
629807,0
763067,1
856049,0
971421,0
479074,0
551438,0
798265,0
513189,1
646830,1
461379,1
677271,0
778770,1
664384,0
1063509,1
879024,0
999918,0
787219,0
592949,1
984141,0
879033,0
468168,0
463467,0
543130,1
664913,0
715513,0
865507,0
375748,0
413385,0
581359,0
867853,0
714792,0
543297,0
652444,0
422847,1
373540,0
396145,1
623482,1
747080,1
559589,1
589171,0
636577,0
684567,1
265836,0
987346,0
729661,0
607298,0
486869,0
874747,0
871956,0
1059100,0
839996,0
996851,0
456971,0
480805,1
666607,0
834642,0
832403,0
1049528,0
522687,0
423316,1
677937,1
358280,1
468565,1
706013,1
994423,1
883269,1
571768,0
543863,0
782129,1
863703,0
401175,0
805706,1
521074,0
357872,0
671136,0
751748,0
398605,0
511300,0
394329,1
622911,0
977981,1
452599,1
1053935,0
1017595,0
894272,1
438605,0
626248,0
425935,0
495957,0
824782,1
1044042,1
826990,1
829828,1
688741,0
535766,1
442492,0
482794,1
970614,0
728584,1
883428,0
392350,0
579566,1
729122,0
808689,1
751452,0
859802,0
654777,0
432820,1
1068744,0
1028586,0
668658,0
779255,0
494435,0
474007,0
521709,0
1066520,0
523585,0
972058,1
976747,0
783506,0
442993,0
465574,0
746531,1
535623,1
539889,0
1012574,0
840801,1
529214,0
564101,1
777509,0
706955,0
354885,0
1003077,0
394696,0
1019887,0
600372,0
657891,0
577436,1
675344,0
743690,0
802988,0
1008914,0
657037,0
614983,1
688659,1
1038274,1
661374,0
389724,0
528914,0
513881,0
1065234,0
805828,0
458679,0
859497,0
1057562,0
496629,0
1057330,0
990329,1
1058440,1
736534,1
888130,0
379136,0
520544,0
642832,0
600767,0
1018577,0
782922,0
644134,1
1025108,0
704958,0
888556,0
657546,0
520534,0
615998,1
740968,0
369055,0
784374,0
1010030,0
861835,1
1059828,0
986289,0
1034285,1
601063,1
690501,0
570930,1
737454,0
722022,0
885002,0
514640,0
977528,0
763834,0
1062257,1
995434,0
435681,0
1045401,0
456556,0
478984,0
478126,1
1046826,1
540147,1
571208,0
662888,0
768404,1
825826,0
823634,1
1019780,0
734343,0
713821,0
395180,1
753937,1
691587,1
567517,0
871372,0
630924,1
706497,0
1037971,0
463465,0
358508,0
797098,0
758947,0
408948,0
880299,0
476925,0
550446,0
741773,0
718840,0
624284,0
471062,0
842073,0
763383,0
853861,1
456448,1
668106,0
523833,1
491142,1
1037956,1
341419,0
472505,0
420457,1
491339,1
362293,0
878673,0
814210,0
1025132,0
154141,0
612342,1
775712,1
642870,0
467182,0
979294,0
737892,0
589452,1
750710,0
490174,0
523724,0
476142,0
515442,1
978745,0
564951,1
805743,0
669492,0
644361,1
1010101,0
232568,0
988495,0
849154,1
217100,1
604917,0
383004,1
618421,1
869179,0
381258,0
984910,0
1038642,0
828556,1
504545,0
1028056,1
495918,1
663422,0
640352,0
965286,1
683080,0
879876,0
612594,0
590959,0
453442,0
831010,1
776394,0
854126,1
863059,1
647251,0
391603,0
743343,0
766090,0
377426,0
1033047,1
510177,0
974355,1
841182,0
643255,0
972496,0
370340,0
695326,1
553495,0
977217,0
619119,0
641855,0
986011,1
703017,1
435969,0
612826,1
477797,0
701547,1
881910,0
745634,0
855837,0
441198,0
808396,0
822317,0
474345,1
644829,1
388471,1
728284,0
359789,0
817884,0
464433,0
586792,0
520764,1
391570,0
515071,0
590467,1
765927,0
762855,0
812171,0
356274,1
503032,0
730742,0
870820,1
876750,0
576966,0
585340,0
875545,0
1061304,1
641579,0
983802,0
637447,0
495950,1
1055921,0
496932,1
664737,0
424737,0
554910,0
687363,0
629312,0
1066471,0
795773,0
650506,0
749243,0
753594,1
556238,0
382211,1
630826,1
1049201,1
502340,0
514832,0
859400,0
791012,0
823080,0
752188,0
605851,1
1006108,0
950092,1
710905,0
824902,0
552886,0
540101,0
474047,0
619376,0
550309,1
578304,0
473133,1
462175,0
582987,0
643182,0
675963,0
733556,0
739492,0
893034,1
726424,1
874534,1
1062454,1
1056081,1
453081,0
499980,1
554674,0
594902,1
1048647,1
769973,1
813928,1
556362,0
503970,0
389741,1
461412,0
501790,0
576413,1
981922,0
854413,1
535627,1
709408,0
457414,0
554247,0
779051,1
378902,1
510886,0
451579,0
759435,0
979074,0
397518,0
1061245,0
390382,0
727537,0
450129,0
777793,1
531072,1
1005837,0
712982,0
635270,0
1043259,1
972738,1
480107,0
424882,0
458131,0
775231,0
1052376,1
587375,1
642824,0
366169,0
432410,0
725413,1
1034692,0
816023,0
668301,0
447472,1
349668,0
770214,1
1015820,1
648774,0
702570,0
785335,0
551223,0
1034632,0
874749,0
710965,1
792036,0
1037964,0
693317,0
594769,0
867370,1
556140,1
450363,0
1045885,1
882226,1
496727,0
732953,0
572912,0
1044512,0
616870,0
611190,0
875809,0
988179,1
1028866,1
463722,0
476022,0
728173,1
697928,1
545364,1
813783,0
696025,0
752304,0
680688,0
674628,0
749872,0
854200,0
870129,0
646871,0
758317,1
775551,1
1029359,0
730949,1
395185,0
599451,0
632194,0
643919,0
577214,0
570149,0
520605,1
510578,1
618067,0
471212,0
561374,0
1010493,1
760215,1
757255,0
788163,0
1005957,0
428982,1
213551,1
785689,0
619649,0
363763,0
997558,0
762857,1
879262,0
819983,1
707142,1
391560,0
988640,0
561851,0
393440,0
787654,0
689215,1
349570,0
668225,0
1066480,0
692654,1
695082,0
453391,0
884798,0
544093,0
849912,1
848496,0
743713,0
884249,0
449880,0
874821,0
1053415,0
987383,0
892465,1
694714,1
392602,0
486163,0
738713,1
1035284,1
507462,1
427298,0
284168,0
834961,1
733201,1
502275,1
967655,0
456095,0
588779,0
555181,0
562416,0
477484,0
1046380,0
984476,0
679192,1
380683,1
777747,0
745773,0
766828,0
1068274,0
827262,0
554889,0
1016769,0
708098,0
777217,1
609164,0
858157,0
598310,1
843784,1
382458,1
490650,1
842054,0
468188,1
822985,0
1043899,0
1005052,0
884952,0
622261,1
888356,0
561197,0
753970,1
513936,1
601893,1
453450,0
323229,0
592635,0
623736,1
634132,1
863063,0
545065,0
620393,0
679279,0
605379,0
501189,0
656013,0
602107,0
846573,1
809480,0
378348,0
752734,0
812737,0
591091,1
883216,0
781054,1
768159,0
652330,0
880784,0
776238,0
538596,0
780008,0
654528,0
520318,1
643103,0
636935,1
800997,0
861830,0
796681,0
767583,1
969413,0
861707,0
849760,0
883917,1
510815,1
596952,0
971965,0
1057384,0
883991,0
657388,1
562920,1
601119,0
712257,0
547672,0
757943,0
765406,1
1022972,0
709764,1
1050177,0
673062,0
482572,0
488770,0
1052848,0
757349,0
795289,0
498131,0
971024,0
1064251,1
531958,0
583126,1
129745,0
984742,0
757895,0
648274,1
829507,0
731082,1
432184,0
1055716,1
678451,1
553815,0
433976,1
820600,1
600872,0
650945,1
747338,1
804330,0
391175,0
887545,0
634996,0
294803,0
678681,0
800184,1
616223,1
848062,1
838847,0
417234,1
1041201,1
603985,1
775233,1
862354,0
399616,0
547515,0
732956,1
606136,0
878380,0
834628,0
1065513,1
759507,0
527211,0
723961,0
504078,1
572227,0
359401,1
746629,1
838433,0
491231,1
709334,0
429770,0
831057,1
803561,0
968447,1
356340,0
1029200,0
836658,0
1037951,0
497898,0
513789,0
514895,0
863027,1
719149,0
756664,1
582842,0
488251,0
587395,0
624266,1
559956,1
733239,1
949901,0
551828,0
707056,0
765864,1
381737,1
1024323,1
702064,1
510836,0
545569,1
1026271,0
674221,0
462042,0
861191,1
569037,1
976611,0
549904,0
792574,0
814500,0
414112,0
456193,1
262669,0
809814,1
606786,0
